engaging store experience,1
battery back-up power systems,1
shop counters,2
office solution,1
e-business startups,1
payment technologies,1
unique in-store search,1
spiders,1
favorite stores,3
reid hoffman http,1
superior response time,1
redemption moves,1
product engagement,1
framedart,1
database records,1
multi retail channel,1
graffiti capture,1
loyalty marketing,1
digit,1
cloud data warehouse,1
shopper activities,1
marketing strategies,1
special invitation,1
dell,3
com blog,1
incentivising,1
air hockey,1
com contact us,1
new boot,1
basics,2
specific section,1
coffee kiosks,4
clientele,1
founder president,1
online shopper,1
specialties,5
device constraints,1
loblaws,1
several features,1
stunning collection,1
telecom solution,1
multi-billion dollar department store retailers,1
major advertisers,1
effective channels,1
e-business digital marketing director cencosud privately held,1
consists,1
gondola units,1
corporate barter exchange solutions,2
brand-retailer-consumer online ecosystem,1
interface allows anyone,1
care organizations,1
portal catering,1
crate barrel http,1
global financial community,1
charge expensive rates,1
clorox,1
persuasion marketing technology,1
fartrade materials,1
retail customer,2
multi brand footwear online,1
text message,2
agreement,1
contrast different neighborhoods,1
product placement,2
ecommerce products,1
retailers revenue model,1
mall brands,1
china,3
time ranges,1
epos solutions,1
calculate,1
attendance marker,1
real estate development,1
small gadgets,1
different categories products,1
reports,6
wi-fi networks,1
dependencies,1
schedule current year,1
beanstalk platform,1
virtusize consumers,1
retail software company,1
segments,3
deconstruction job training program,1
u.s. consumers,2
reduce costs,2
projection,1
mokipay mobile wallet,1
retail clearance sales,1
zipments,5
involvement,1
classifieds,1
revenue streams,2
schwinn,2
monetization,5
derivatives,1
fast accelerating industry,1
marketers,4
browse,2
impartiality,1
accommodation,1
independent advisory service,1
music,2
therefore,4
major demands,1
email hello,1
retail jewelry,1
gorilla jungle,1
transportation management,1
interdisciplinary case competition,2
delivery process,1
detracts,1
european customers,1
yahoo,2
chief executive officer,1
traditional retailer,1
additional functionality,1
teaching,1
picnic tables,1
accomplishment,1
first time,3
concepts,1
revenues,5
example,7
street level,4
contrarian approach,1
entire value chain,1
household,1
marketing platform,1
strong experience,1
organizer,1
retail simulation suite,1
$1 million series,1
payment method,1
product development company,1
rewards network,1
travel,6
digital offers,2
feature,3
organizing force,1
hot,1
rsi cloud-based platform,1
low cost business model,1
line quality materials,1
oooii,1
instrumental guys,1
direct marketing association,1
cegid,6
beauty,1
service levels,1
reuse centers,4
payments safety,1
multichannel interactions,1
bernardo acoria gonzalez,1
doesn require,1
lifefitness,1
microsoft dynamics platform,2
chain store age,2
types,7
consumers rewards,1
narian,1
custom designs events,1
headquarters,2
tulip,1
wimax,1
mass merchant,1
consumer applications,1
wine,1
origin,2
armoires,1
feedback,3
telecom,3
individual shoppers,1
romania,1
actual purchasing,1
online retail sales training courses,1
delivers real results,1
online marketing portal,1
distribution service,1
co-branded credit cards,1
millie tadewaldt,1
internet community,1
several different unrelated apps,1
fit,4
trends customers,1
interaction,4
company offer customers,1
entire platform,1
market demands,1
belezana web,1
order planning,1
young entrepreneur council,1
online retail software,1
ebay profile,1
spectrum iboss,1
e-commerce spoken,1
cityodds ltd,2
crosscap solutions,1
rocket internet,3
apparel product lifecycle management plm,1
recollections,1
cathy han,1
schools,1
brand building,1
silver,2
order information automated,1
giusto,1
secure transactions,1
high potential employee development,1
exchange messages,1
clotheshor,1
clevercross network,1
designer brands,1
sodimac,1
bison basketball,1
nationwide ammo shortage,1
kodekey professional zip formats,1
garment,3
marketing service,1
electrical shops,1
fred meyer,1
americanas,1
mercent retail shopping benefits improved product visibility,1
array,1
ru,1
financial sponsors group,1
relevant data files,1
dsw,1
sms,1
aishwarya anarkali salwar suit,1
software development kit,1
re,5
cpgs,1
io development play framework,1
sme,1
micro-location features,1
foundation,1
prepaid products,1
brown shoe group,1
merchandising offers,1
beleza,1
award-winning initiatives,1
net income,1
sensors,6
jeweler retailer epos,1
atg,1
omni-channel marketing strategy alignment,1
shelves,1
retail markets,4
complementary service,1
atv,1
additional retail outlets,1
flagship brand,1
offline customers,1
contract management,1
software consulting,1
main pillar,1
product popularity,1
trillion,2
blakeney management,2
shopper,6
comprehensive suite,1
sports authority,3
channels,8
art markets,2
customization,4
wasn,1
jerry kennelly $150 exit,1
clarity,1
cvs pharmacy,1
unique algorithm,1
prime objective,1
sandals,1
service,39
forrester,1
good knowledgeable retailers,1
engagement,2
e-commerce engine absorbs complexity,1
custom integration,1
master,1
genesis,1
apparel brand world,1
global talent acquisition,1
rewards,7
mckinsey,1
point-of-sale systems,1
fmcg industries,1
menlo park ca,1
brick-and-mortar retailers,2
oracle retail avt,1
omni-channel marketing campaigns,1
previous 90-day period,1
ultimate business shirt,1
interactive technologies,1
dishnet boston satellite internet service,1
anniversaries,1
extensive experience,3
project,5
business results,1
retail business intelligence,1
virtual marketplaces,1
charcoal grill,1
collective buying audience,1
windowin,1
tion,1
random choices,1
acquisition,4
acclaim,1
ranking sellers,1
self-care customer experience management cem solutions,1
competitive agency environments,1
listing agent,1
boston,3
spectrum,3
business intelligence,3
access control systems,1
prepaid financial services company,1
market basket analysis,1
multi-store retailers,1
dozen,2
new product,1
international business awards,1
campaign performance,2
doors,4
products people,1
aiva,1
products stores,1
transactions,6
object,1
victoria,1
metrics,1
mouth,1
mobile top-up,2
value new shop,1
vision correction,1
demantra,1
preferences,5
brand-bolstering retail growth plans,1
london startup digest,1
art reproductions,1
wine investment,1
managed south africa,1
cedar works,1
tech,1
specific outfit,1
proven algorithms,1
current favorite brands,1
food lion,1
advisory,2
various companies,1
leverage semantic web technologies,1
achica,5
hungary,1
board http,1
clutter free environment,1
sale ecommerce software,1
seed round financing,1
cellular phone,1
liberty games,1
ultimate destination,1
menu,3
accelerate,2
interest rates,1
bush,1
cash acceptance,2
key business functions,1
mobile consumers,1
localizing,1
psybt,1
certain neighborhood statistics,1
designing,1
consumer products board,1
queens diamond jubilee,1
view conference agenda august,2
karmabox,1
digit number,1
techcrunch disrupt sf,1
transformational leadership style,2
retail channel specialists,1
shopping habits,1
gouniq share,1
release,1
unique service markets,1
video capture,1
karmabox connects physical retailers,1
fundamental skills confidence,1
genuine designer fragrances,1
respond,1
interactive red carpets,1
customer sentiment,1
tapgreet,2
electronic security company pravar electronics,1
re-configure retail business processes,1
traditional craftsmanship,2
thenowmall,1
result,7
fail,2
financials,1
payment device,1
wikipedia,3
gift registries,1
duchussois portfolio company,1
freshpair,1
business telecoms,1
gaelic games,1
glasgow,1
limited quantities,1
lamar,1
vine range,1
nature,1
customer service,12
on-line credit card order processing,1
high street retailers,1
indoor spaces,1
retail convergence,1
digital signage network,2
social media strategies,1
debt,1
single bay,1
patented,1
planner,1
affiliate marketing,2
country,6
kroeger,1
amvona trails,2
android applications,1
floor staff,1
customer support,14
logic,1
login,1
ebay motors,1
com delivers,1
groupon,2
reload services,2
truecount corporation truecount,1
dos platform,1
jollywallet account,2
walk-in applicants,1
onboard fernando nawa,1
myorganizer,4
competitor analysis,1
holdings,1
plastic play houses,1
extraction,1
facebook storefront,1
technology enables,1
innovative wealth management,1
european consumers,1
privilege,1
parents,1
content document management,1
location,19
email receipts,1
life,3
sydney,1
lift,1
visit duration,1
chile,2
child,1
